<step title="Incoming Request" date="2025-12-22T20:14:16.864" instance="9f31c9" url="/api/zipdeploy?isAsync=true&amp;deployer=GITHUB_ZIP_DEPLOY&amp;message=%7B%22type%22%3A%22deployment%22%2C%22sha%22%3A%22d4053ba9269c5bd5bc16699e9b328e10687dd85c%22%2C%22repoName%22%3A%22bartje78%2FLoanAnnuityCalculator%22%2C%22actor%22%3A%22bartje78%22%2C%22slotName%22%3A%22production%22%2C%22commitMessage%22%3A%22Fix%20cascade%20delete%20conflicts%20for%20SQL%20Server%20compatibility%22%7D" method="POST" type="request" pid="831,1,16" Host="loancalculator-api-loanportal.scm.azurewebsites.net" User-Agent="GITHUBACTIONS_DeployWebAppToAzure_55fff23031ea6528d023668e4b34b5c3330af2464c118c00e31b47d98fe43692" Authorization="Bas..." Content-Type="application/octet-stream" Cookie="ARRAffinity=9f31c9c5bee5168e5eb7bf80d32ece8094d4003d3670d16b35539c64104ecd98;Path=/;HttpOnly;Secure;Domain=loancalculator-api-loanportal.scm.azurewebsites.net; ARRAffinitySameSite=9f31c9c5bee5168e5eb7bf80d32ece8094d4003d3670d16b35539c64104ecd98;Path=/;HttpOnly;SameSite=None;Secure;Domain=loancalculator-api-loanportal.scm.azurewebsites.net" Transfer-Encoding="chunked" X-ARR-LOG-ID="ac60eea5-3236-4591-8175-2a7e87d6a1a9" CLIENT-IP="135.232.200.34:64528" X-SITE-DEPLOYMENT-ID="loancalculator-api-loanportal" WAS-DEFAULT-HOSTNAME="loancalculator-api-loanportal.scm.azurewebsites.net" X-Forwarded-Proto="https" X-AppService-Proto="https" X-Forwarded-TlsVersion="1.3" X-WAWS-Unencoded-URL="/api/zipdeploy?isAsync=true&amp;deployer=GITHUB_ZIP_DEPLOY&amp;message=%7B%22type%22%3A%22deployment%22%2C%22sha%22%3A%22d4053ba9269c5bd5bc16699e9b328e10687dd85c%22%2C%22repoName%22%3A%22bartje78%2FLoanAnnuityCalculator%22%2C%22actor%22%3A%22bartje78%22%2C%22slotName%22%3A%22production%22%2C%22commitMessage%22%3A%22Fix%20cascade%20delete%20conflicts%20for%20SQL%20Server%20compatibility%22%7D" X-Client-IP="135.232.200.34" X-Client-Port="64528" >
  <step title="ZipPushDeploy" date="2025-12-22T20:14:16.926" >
    <step title="ZipDeploy. Extract zip." date="2025-12-22T20:14:16.971" /><!-- duration: 8ms -->
    <step title="None repository commit" date="2025-12-22T20:14:17.002" >
      <step title="Commit id: 09d10569-01c2-477f-b3ca-f593dd1ed2c8" date="2025-12-22T20:14:17.008" Message="N/A" AuthorName="N/A" AuthorEmail="N/A" /><!-- duration: 6ms -->
    </step><!-- duration: 19ms -->
    <step title="Starting PushDeployAsync" date="2025-12-22T20:14:17.027" /><!-- duration: 6ms -->
    <step title="Writing artifact to /tmp/zipdeploy/7c9c6a33-b723-4efb-9e89-61547bb495b0.zip" date="2025-12-22T20:14:17.063" >
      <step title="Writing multipart request body to /tmp/zipdeploy/7c9c6a33-b723-4efb-9e89-61547bb495b0.zip" date="2025-12-22T20:14:17.072" /><!-- duration: 12ms -->
    </step><!-- duration: 1839ms -->
    <step title="Start deployment in the background" date="2025-12-22T20:14:18.941" >
      <step title="Acquiring Deployment Lock" date="2025-12-22T20:14:19.003" /><!-- duration: 6ms -->
      <step title="Acquired Deployment Lock" date="2025-12-22T20:14:19.059" /><!-- duration: 8ms -->
    </step><!-- duration: 260ms -->
  </step><!-- duration: 2284ms -->
  <step title="Outgoing response" date="2025-12-22T20:14:19.227" type="response" statusCode="202" statusText="Accepted" /><!-- duration: 36ms -->
</step><!-- duration: 2406ms -->
