<step title="Incoming Request" date="2025-12-22T19:58:58.977" instance="9f31c9" url="/api/zipdeploy?isAsync=true&amp;deployer=GITHUB_ZIP_DEPLOY&amp;message=%7B%22type%22%3A%22deployment%22%2C%22sha%22%3A%227a20d69e207c9664e99709e401ed765afc7089de%22%2C%22repoName%22%3A%22bartje78%2FLoanAnnuityCalculator%22%2C%22actor%22%3A%22bartje78%22%2C%22slotName%22%3A%22production%22%2C%22commitMessage%22%3A%22%22%7D" method="POST" type="request" pid="831,1,17" Host="loancalculator-api-loanportal.scm.azurewebsites.net" User-Agent="GITHUBACTIONS_DeployWebAppToAzure_55fff23031ea6528d023668e4b34b5c3330af2464c118c00e31b47d98fe43692" Authorization="Bas..." Content-Type="application/octet-stream" Cookie="ARRAffinity=9f31c9c5bee5168e5eb7bf80d32ece8094d4003d3670d16b35539c64104ecd98;Path=/;HttpOnly;Secure;Domain=loancalculator-api-loanportal.scm.azurewebsites.net; ARRAffinitySameSite=9f31c9c5bee5168e5eb7bf80d32ece8094d4003d3670d16b35539c64104ecd98;Path=/;HttpOnly;SameSite=None;Secure;Domain=loancalculator-api-loanportal.scm.azurewebsites.net" Transfer-Encoding="chunked" X-ARR-LOG-ID="e3a3373f-0cfe-4903-b271-6c899af1717b" CLIENT-IP="128.24.162.6:60480" X-SITE-DEPLOYMENT-ID="loancalculator-api-loanportal" WAS-DEFAULT-HOSTNAME="loancalculator-api-loanportal.scm.azurewebsites.net" X-Forwarded-Proto="https" X-AppService-Proto="https" X-Forwarded-TlsVersion="1.3" X-WAWS-Unencoded-URL="/api/zipdeploy?isAsync=true&amp;deployer=GITHUB_ZIP_DEPLOY&amp;message=%7B%22type%22%3A%22deployment%22%2C%22sha%22%3A%227a20d69e207c9664e99709e401ed765afc7089de%22%2C%22repoName%22%3A%22bartje78%2FLoanAnnuityCalculator%22%2C%22actor%22%3A%22bartje78%22%2C%22slotName%22%3A%22production%22%2C%22commitMessage%22%3A%22%22%7D" X-Client-IP="128.24.162.6" X-Client-Port="60480" >
  <step title="Cleanup Xml Logs" date="2025-12-22T19:58:59.017" /><!-- duration: 158ms -->
  <step title="ZipPushDeploy" date="2025-12-22T19:58:59.320" >
    <step title="ZipDeploy. Extract zip." date="2025-12-22T19:58:59.470" /><!-- duration: 32ms -->
    <step title="Starting PushDeployAsync" date="2025-12-22T19:58:59.553" /><!-- duration: 31ms -->
    <step title="Writing artifact to /tmp/zipdeploy/e6d8082b-7746-4e8c-9755-54d4dbb5c101.zip" date="2025-12-22T19:58:59.731" >
      <step title="Writing multipart request body to /tmp/zipdeploy/e6d8082b-7746-4e8c-9755-54d4dbb5c101.zip" date="2025-12-22T19:58:59.922" /><!-- duration: 42ms -->
    </step><!-- duration: 2336ms -->
    <step title="Start deployment in the background" date="2025-12-22T19:59:02.158" >
      <step title="Acquiring Deployment Lock" date="2025-12-22T19:59:02.273" /><!-- duration: 15ms -->
      <step title="Cannot Acquire Deployment Lock already held" date="2025-12-22T19:59:02.315" /><!-- duration: 12ms -->
    </step><!-- duration: 274ms -->
    <step title="There is a deployment currently in progress. Please try again when it completes." date="2025-12-22T19:59:02.448" /><!-- duration: 13ms -->
  </step><!-- duration: 3157ms -->
  <step title="Outgoing response" date="2025-12-22T19:59:02.507" type="response" statusCode="409" statusText="Conflict" /><!-- duration: 12ms -->
</step><!-- duration: 3573ms -->
