<step title="Incoming Request" date="2025-12-22T20:14:43.595" instance="9f31c9" url="/api/zipdeploy?isAsync=true&amp;deployer=GITHUB_ZIP_DEPLOY&amp;message=%7B%22type%22%3A%22deployment%22%2C%22sha%22%3A%22d4053ba9269c5bd5bc16699e9b328e10687dd85c%22%2C%22repoName%22%3A%22bartje78%2FLoanAnnuityCalculator%22%2C%22actor%22%3A%22bartje78%22%2C%22slotName%22%3A%22production%22%2C%22commitMessage%22%3A%22%22%7D" method="POST" type="request" pid="831,1,18" Host="loancalculator-api-loanportal.scm.azurewebsites.net" User-Agent="GITHUBACTIONS_DeployWebAppToAzure_55fff23031ea6528d023668e4b34b5c3330af2464c118c00e31b47d98fe43692" Authorization="Bas..." Content-Type="application/octet-stream" Cookie="ARRAffinity=9f31c9c5bee5168e5eb7bf80d32ece8094d4003d3670d16b35539c64104ecd98;Path=/;HttpOnly;Secure;Domain=loancalculator-api-loanportal.scm.azurewebsites.net; ARRAffinitySameSite=9f31c9c5bee5168e5eb7bf80d32ece8094d4003d3670d16b35539c64104ecd98;Path=/;HttpOnly;SameSite=None;Secure;Domain=loancalculator-api-loanportal.scm.azurewebsites.net" Transfer-Encoding="chunked" X-ARR-LOG-ID="94a4d0f7-ac6c-4cc2-b885-2bb46929ab56" CLIENT-IP="132.196.82.4:54320" X-SITE-DEPLOYMENT-ID="loancalculator-api-loanportal" WAS-DEFAULT-HOSTNAME="loancalculator-api-loanportal.scm.azurewebsites.net" X-Forwarded-Proto="https" X-AppService-Proto="https" X-Forwarded-TlsVersion="1.3" X-WAWS-Unencoded-URL="/api/zipdeploy?isAsync=true&amp;deployer=GITHUB_ZIP_DEPLOY&amp;message=%7B%22type%22%3A%22deployment%22%2C%22sha%22%3A%22d4053ba9269c5bd5bc16699e9b328e10687dd85c%22%2C%22repoName%22%3A%22bartje78%2FLoanAnnuityCalculator%22%2C%22actor%22%3A%22bartje78%22%2C%22slotName%22%3A%22production%22%2C%22commitMessage%22%3A%22%22%7D" X-Client-IP="132.196.82.4" X-Client-Port="54320" >
  <step title="ZipPushDeploy" date="2025-12-22T20:14:43.612" >
    <step title="ZipDeploy. Extract zip." date="2025-12-22T20:14:43.624" /><!-- duration: 7ms -->
    <step title="Starting PushDeployAsync" date="2025-12-22T20:14:43.641" /><!-- duration: 6ms -->
    <step title="Writing artifact to /tmp/zipdeploy/eb383ae8-768b-498c-9a99-68e2ffd11dc7.zip" date="2025-12-22T20:14:43.671" >
      <step title="Writing multipart request body to /tmp/zipdeploy/eb383ae8-768b-498c-9a99-68e2ffd11dc7.zip" date="2025-12-22T20:14:43.678" /><!-- duration: 17ms -->
    </step><!-- duration: 1559ms -->
    <step title="Start deployment in the background" date="2025-12-22T20:14:45.252" >
      <step title="Acquiring Deployment Lock" date="2025-12-22T20:14:45.337" /><!-- duration: 6ms -->
      <step title="Acquired Deployment Lock" date="2025-12-22T20:14:45.436" /><!-- duration: 7ms -->
    </step><!-- duration: 322ms -->
  </step><!-- duration: 1968ms -->
  <step title="Outgoing response" date="2025-12-22T20:14:45.586" type="response" statusCode="202" statusText="Accepted" /><!-- duration: 13ms -->
</step><!-- duration: 2011ms -->
