﻿<?xml version="1.0" encoding="utf-8"?>
<deployment>
  <id>04cd866f-68b1-4a16-8400-b49dec05e07c</id>
  <author>N/A</author>
  <deployer>OneDeploy</deployer>
  <authorEmail>N/A</authorEmail>
  <message>OneDeploy</message>
  <progress></progress>
  <status>Success</status>
  <statusText></statusText>
  <lastSuccessEndTime>2025-12-29T15:05:32.2138872Z</lastSuccessEndTime>
  <receivedTime>2025-12-29T15:05:14.9306047Z</receivedTime>
  <startTime>2025-12-29T15:05:16.5368301Z</startTime>
  <endTime>2025-12-29T15:05:32.2138872Z</endTime>
  <complete>True</complete>
  <is_temp>False</is_temp>
  <is_readonly>True</is_readonly>
  <buildSummary />
</deployment>