<step title="Incoming Request" date="2025-12-23T21:17:35.640" instance="9f31c9" url="/api/zipdeploy?isAsync=true&amp;deployer=GITHUB_ZIP_DEPLOY&amp;message=%7B%22type%22%3A%22deployment%22%2C%22sha%22%3A%22d4053ba9269c5bd5bc16699e9b328e10687dd85c%22%2C%22repoName%22%3A%22bartje78%2FLoanAnnuityCalculator%22%2C%22actor%22%3A%22bartje78%22%2C%22slotName%22%3A%22production%22%2C%22commitMessage%22%3A%22%22%7D" method="POST" type="request" pid="831,1,30" Host="loancalculator-api-loanportal.scm.azurewebsites.net" User-Agent="GITHUBACTIONS_DeployWebAppToAzure_55fff23031ea6528d023668e4b34b5c3330af2464c118c00e31b47d98fe43692" Authorization="Bas..." Content-Type="application/octet-stream" Cookie="ARRAffinity=9f31c9c5bee5168e5eb7bf80d32ece8094d4003d3670d16b35539c64104ecd98;Path=/;HttpOnly;Secure;Domain=loancalculator-api-loanportal.scm.azurewebsites.net; ARRAffinitySameSite=9f31c9c5bee5168e5eb7bf80d32ece8094d4003d3670d16b35539c64104ecd98;Path=/;HttpOnly;SameSite=None;Secure;Domain=loancalculator-api-loanportal.scm.azurewebsites.net" Transfer-Encoding="chunked" X-ARR-LOG-ID="3bc8b332-bccf-452c-b976-1fccee3c6a8f" CLIENT-IP="172.182.196.57:40960" X-SITE-DEPLOYMENT-ID="loancalculator-api-loanportal" WAS-DEFAULT-HOSTNAME="loancalculator-api-loanportal.scm.azurewebsites.net" X-Forwarded-Proto="https" X-AppService-Proto="https" X-Forwarded-TlsVersion="1.3" X-WAWS-Unencoded-URL="/api/zipdeploy?isAsync=true&amp;deployer=GITHUB_ZIP_DEPLOY&amp;message=%7B%22type%22%3A%22deployment%22%2C%22sha%22%3A%22d4053ba9269c5bd5bc16699e9b328e10687dd85c%22%2C%22repoName%22%3A%22bartje78%2FLoanAnnuityCalculator%22%2C%22actor%22%3A%22bartje78%22%2C%22slotName%22%3A%22production%22%2C%22commitMessage%22%3A%22%22%7D" X-Client-IP="172.182.196.57" X-Client-Port="40960" >
  <step title="Cleanup Xml Logs" date="2025-12-23T21:17:35.831" /><!-- duration: 92ms -->
  <step title="ZipPushDeploy" date="2025-12-23T21:17:37.007" >
    <step title="ZipDeploy. Extract zip." date="2025-12-23T21:17:37.170" /><!-- duration: 280ms -->
    <step title="Starting PushDeployAsync" date="2025-12-23T21:17:37.743" /><!-- duration: 714ms -->
    <step title="Writing artifact to /tmp/zipdeploy/b82d86f3-fe03-40c2-9a97-31620517863d.zip" date="2025-12-23T21:17:39.886" >
      <step title="Writing multipart request body to /tmp/zipdeploy/b82d86f3-fe03-40c2-9a97-31620517863d.zip" date="2025-12-23T21:17:40.217" /><!-- duration: 71ms -->
    </step><!-- duration: 13006ms -->
    <step title="Start deployment in the background" date="2025-12-23T21:17:53.775" >
      <step title="Acquiring Deployment Lock" date="2025-12-23T21:17:54.761" /><!-- duration: 49ms -->
      <step title="Acquired Deployment Lock" date="2025-12-23T21:17:55.312" /><!-- duration: 180ms -->
    </step><!-- duration: 3649ms -->
  </step><!-- duration: 20636ms -->
  <step title="Outgoing response" date="2025-12-23T21:17:57.734" type="response" statusCode="202" statusText="Accepted" /><!-- duration: 584ms -->
</step><!-- duration: 22871ms -->
