<step title="Incoming Request" date="2025-12-22T19:58:45.165" instance="9f31c9" url="/api/zipdeploy?isAsync=true&amp;deployer=GITHUB_ZIP_DEPLOY&amp;message=%7B%22type%22%3A%22deployment%22%2C%22sha%22%3A%227a20d69e207c9664e99709e401ed765afc7089de%22%2C%22repoName%22%3A%22bartje78%2FLoanAnnuityCalculator%22%2C%22actor%22%3A%22bartje78%22%2C%22slotName%22%3A%22production%22%2C%22commitMessage%22%3A%22Fix%20backend%20deployment%3A%20move%20app%20settings%20to%20env%20block%22%7D" method="POST" type="request" pid="831,1,16" Host="loancalculator-api-loanportal.scm.azurewebsites.net" User-Agent="GITHUBACTIONS_DeployWebAppToAzure_55fff23031ea6528d023668e4b34b5c3330af2464c118c00e31b47d98fe43692" Authorization="Bas..." Content-Type="application/octet-stream" Cookie="ARRAffinity=9f31c9c5bee5168e5eb7bf80d32ece8094d4003d3670d16b35539c64104ecd98;Path=/;HttpOnly;Secure;Domain=loancalculator-api-loanportal.scm.azurewebsites.net; ARRAffinitySameSite=9f31c9c5bee5168e5eb7bf80d32ece8094d4003d3670d16b35539c64104ecd98;Path=/;HttpOnly;SameSite=None;Secure;Domain=loancalculator-api-loanportal.scm.azurewebsites.net" Transfer-Encoding="chunked" X-ARR-LOG-ID="86e89f5b-967f-444a-a8ac-feaded2c7045" CLIENT-IP="40.76.238.180:27648" X-SITE-DEPLOYMENT-ID="loancalculator-api-loanportal" WAS-DEFAULT-HOSTNAME="loancalculator-api-loanportal.scm.azurewebsites.net" X-Forwarded-Proto="https" X-AppService-Proto="https" X-Forwarded-TlsVersion="1.3" X-WAWS-Unencoded-URL="/api/zipdeploy?isAsync=true&amp;deployer=GITHUB_ZIP_DEPLOY&amp;message=%7B%22type%22%3A%22deployment%22%2C%22sha%22%3A%227a20d69e207c9664e99709e401ed765afc7089de%22%2C%22repoName%22%3A%22bartje78%2FLoanAnnuityCalculator%22%2C%22actor%22%3A%22bartje78%22%2C%22slotName%22%3A%22production%22%2C%22commitMessage%22%3A%22Fix%20backend%20deployment%3A%20move%20app%20settings%20to%20env%20block%22%7D" X-Client-IP="40.76.238.180" X-Client-Port="27648" >
  <step title="ZipPushDeploy" date="2025-12-22T19:58:45.272" >
    <step title="ZipDeploy. Extract zip." date="2025-12-22T19:58:45.285" /><!-- duration: 10ms -->
    <step title="Starting PushDeployAsync" date="2025-12-22T19:58:45.305" /><!-- duration: 6ms -->
    <step title="Writing artifact to /tmp/zipdeploy/f73c76e6-95a3-43ee-ae5a-b9098a5f46c2.zip" date="2025-12-22T19:58:45.371" >
      <step title="Writing multipart request body to /tmp/zipdeploy/f73c76e6-95a3-43ee-ae5a-b9098a5f46c2.zip" date="2025-12-22T19:58:45.384" /><!-- duration: 10ms -->
    </step><!-- duration: 1624ms -->
    <step title="Start deployment in the background" date="2025-12-22T19:58:47.050" >
      <step title="Acquiring Deployment Lock" date="2025-12-22T19:58:47.099" /><!-- duration: 7ms -->
      <step title="Acquired Deployment Lock" date="2025-12-22T19:58:47.159" /><!-- duration: 7ms -->
    </step><!-- duration: 225ms -->
  </step><!-- duration: 2013ms -->
  <step title="Outgoing response" date="2025-12-22T19:58:47.296" type="response" statusCode="202" statusText="Accepted" /><!-- duration: 60ms -->
</step><!-- duration: 2200ms -->
