<step title="Incoming Request" date="2025-12-22T11:23:42.571" instance="9f31c9" url="/api/zipdeploy?isAsync=true" method="POST" type="request" pid="831,1,7" Accept="*/*" Host="loancalculator-api-loanportal.scm.azurewebsites.net" User-Agent="AZURECLI/2.81.0 (HOMEBREW)" Accept-Encoding="gzip, deflate" Authorization="Bea..." Cache-Control="no-cache" Content-Type="application/octet-stream" Content-Length="22420795" x-ms-client-request-id="96b3bb96-df28-11f0-8094-3605ce118f3d" x-ms-artifact-checksum="5b44b6596ccc4ad6ea8b12f0509706e28cf964e67be770bc7b053e14228977e2" X-ARR-LOG-ID="96b3bb96-df28-11f0-8094-3605ce118f3d" CLIENT-IP="195.241.23.107:51827" X-SITE-DEPLOYMENT-ID="loancalculator-api-loanportal" WAS-DEFAULT-HOSTNAME="loancalculator-api-loanportal.scm.azurewebsites.net" X-Forwarded-Proto="https" X-AppService-Proto="https" X-Forwarded-TlsVersion="1.3" X-WAWS-Unencoded-URL="/api/zipdeploy?isAsync=true" X-Client-IP="195.241.23.107" X-Client-Port="51827" >
  <step title="ZipPushDeploy" date="2025-12-22T11:23:43.187" >
    <step title="ZipDeploy. Extract zip." date="2025-12-22T11:23:43.202" /><!-- duration: 8ms -->
    <step title="None repository commit" date="2025-12-22T11:23:43.222" >
      <step title="Commit id: 52b66032-47b0-4172-803a-bf619f0e6db1" date="2025-12-22T11:23:43.232" Message="N/A" AuthorName="N/A" AuthorEmail="N/A" /><!-- duration: 7ms -->
    </step><!-- duration: 23ms -->
    <step title="Starting PushDeployAsync" date="2025-12-22T11:23:43.252" /><!-- duration: 7ms -->
    <step title="Writing artifact to /tmp/zipdeploy/43ab3cc3-3212-4d0c-8b1d-d99e9d66ad37.zip" date="2025-12-22T11:23:43.279" >
      <step title="Writing multipart request body to /tmp/zipdeploy/43ab3cc3-3212-4d0c-8b1d-d99e9d66ad37.zip" date="2025-12-22T11:23:43.287" /><!-- duration: 6ms -->
    </step><!-- duration: 1981ms -->
    <step title="Start deployment in the background" date="2025-12-22T11:23:45.320" >
      <step title="Acquiring Deployment Lock" date="2025-12-22T11:23:45.412" /><!-- duration: 13ms -->
      <step title="Acquired Deployment Lock" date="2025-12-22T11:23:45.504" /><!-- duration: 7ms -->
    </step><!-- duration: 362ms -->
  </step><!-- duration: 2523ms -->
  <step title="Outgoing response" date="2025-12-22T11:23:45.739" type="response" statusCode="202" statusText="Accepted" /><!-- duration: 13ms -->
</step><!-- duration: 3188ms -->
