<step title="Incoming Request" date="2025-12-22T13:20:39.618" instance="9f31c9" url="/api/zipdeploy?isAsync=true" method="POST" type="request" pid="831,1,54" Accept="*/*" Host="loancalculator-api-loanportal.scm.azurewebsites.net" User-Agent="AZURECLI/2.81.0 (HOMEBREW)" Accept-Encoding="gzip, deflate" Authorization="Bea..." Cache-Control="no-cache" Content-Type="application/octet-stream" Content-Length="25619609" x-ms-client-request-id="fc730184-df38-11f0-9110-3605ce118f3d" x-ms-artifact-checksum="397c7a5790dbcc9257be1f773da189cde2d5b94c3b3a279d45447062e3a16108" X-ARR-LOG-ID="fc730184-df38-11f0-9110-3605ce118f3d" CLIENT-IP="195.241.23.107:54212" X-SITE-DEPLOYMENT-ID="loancalculator-api-loanportal" WAS-DEFAULT-HOSTNAME="loancalculator-api-loanportal.scm.azurewebsites.net" X-Forwarded-Proto="https" X-AppService-Proto="https" X-Forwarded-TlsVersion="1.3" X-WAWS-Unencoded-URL="/api/zipdeploy?isAsync=true" X-Client-IP="195.241.23.107" X-Client-Port="54212" >
  <step title="Cleanup Xml Logs" date="2025-12-22T13:20:39.624" /><!-- duration: 11ms -->
  <step title="ZipPushDeploy" date="2025-12-22T13:20:39.714" >
    <step title="ZipDeploy. Extract zip." date="2025-12-22T13:20:39.732" /><!-- duration: 7ms -->
    <step title="Starting PushDeployAsync" date="2025-12-22T13:20:39.752" /><!-- duration: 6ms -->
    <step title="Writing artifact to /tmp/zipdeploy/0c2f5169-b8bd-4dd1-9e1d-f8f85c9bdb36.zip" date="2025-12-22T13:20:39.781" >
      <step title="Writing multipart request body to /tmp/zipdeploy/0c2f5169-b8bd-4dd1-9e1d-f8f85c9bdb36.zip" date="2025-12-22T13:20:39.788" /><!-- duration: 7ms -->
    </step><!-- duration: 10962ms -->
    <step title="Start deployment in the background" date="2025-12-22T13:20:50.769" >
      <step title="Acquiring Deployment Lock" date="2025-12-22T13:20:50.812" /><!-- duration: 22ms -->
      <step title="Acquired Deployment Lock" date="2025-12-22T13:20:50.923" /><!-- duration: 6ms -->
    </step><!-- duration: 349ms -->
  </step><!-- duration: 11417ms -->
  <step title="Outgoing response" date="2025-12-22T13:20:51.139" type="response" statusCode="202" statusText="Accepted" /><!-- duration: 7ms -->
</step><!-- duration: 11533ms -->
