<step title="Incoming Request" date="2025-12-23T20:58:07.470" instance="9f31c9" url="/api/zipdeploy?isAsync=true&amp;deployer=GITHUB_ZIP_DEPLOY&amp;message=%7B%22type%22%3A%22deployment%22%2C%22sha%22%3A%22d4053ba9269c5bd5bc16699e9b328e10687dd85c%22%2C%22repoName%22%3A%22bartje78%2FLoanAnnuityCalculator%22%2C%22actor%22%3A%22bartje78%22%2C%22slotName%22%3A%22production%22%2C%22commitMessage%22%3A%22%22%7D" method="POST" type="request" pid="831,1,15" Host="loancalculator-api-loanportal.scm.azurewebsites.net" User-Agent="GITHUBACTIONS_DeployWebAppToAzure_55fff23031ea6528d023668e4b34b5c3330af2464c118c00e31b47d98fe43692" Authorization="Bas..." Content-Type="application/octet-stream" Cookie="ARRAffinity=9f31c9c5bee5168e5eb7bf80d32ece8094d4003d3670d16b35539c64104ecd98;Path=/;HttpOnly;Secure;Domain=loancalculator-api-loanportal.scm.azurewebsites.net; ARRAffinitySameSite=9f31c9c5bee5168e5eb7bf80d32ece8094d4003d3670d16b35539c64104ecd98;Path=/;HttpOnly;SameSite=None;Secure;Domain=loancalculator-api-loanportal.scm.azurewebsites.net" Transfer-Encoding="chunked" X-ARR-LOG-ID="9b468fee-e9b0-4c53-9878-c5b2827ab8b5" CLIENT-IP="132.196.19.19:60448" X-SITE-DEPLOYMENT-ID="loancalculator-api-loanportal" WAS-DEFAULT-HOSTNAME="loancalculator-api-loanportal.scm.azurewebsites.net" X-Forwarded-Proto="https" X-AppService-Proto="https" X-Forwarded-TlsVersion="1.3" X-WAWS-Unencoded-URL="/api/zipdeploy?isAsync=true&amp;deployer=GITHUB_ZIP_DEPLOY&amp;message=%7B%22type%22%3A%22deployment%22%2C%22sha%22%3A%22d4053ba9269c5bd5bc16699e9b328e10687dd85c%22%2C%22repoName%22%3A%22bartje78%2FLoanAnnuityCalculator%22%2C%22actor%22%3A%22bartje78%22%2C%22slotName%22%3A%22production%22%2C%22commitMessage%22%3A%22%22%7D" X-Client-IP="132.196.19.19" X-Client-Port="60448" >
  <step title="Cleanup Xml Logs" date="2025-12-23T20:58:07.476" /><!-- duration: 17ms -->
  <step title="ZipPushDeploy" date="2025-12-23T20:58:07.558" >
    <step title="ZipDeploy. Extract zip." date="2025-12-23T20:58:07.578" /><!-- duration: 8ms -->
    <step title="None repository commit" date="2025-12-23T20:58:07.597" >
      <step title="Commit id: 7275d6b9-6999-47e3-acb7-5054d49fa94b" date="2025-12-23T20:58:07.603" Message="N/A" AuthorName="N/A" AuthorEmail="N/A" /><!-- duration: 6ms -->
    </step><!-- duration: 19ms -->
    <step title="Starting PushDeployAsync" date="2025-12-23T20:58:07.622" /><!-- duration: 7ms -->
    <step title="Writing artifact to /tmp/zipdeploy/b53ea7cc-85a9-48d8-867b-d2b8952290a4.zip" date="2025-12-23T20:58:07.664" >
      <step title="Writing multipart request body to /tmp/zipdeploy/b53ea7cc-85a9-48d8-867b-d2b8952290a4.zip" date="2025-12-23T20:58:07.672" /><!-- duration: 17ms -->
    </step><!-- duration: 1368ms -->
    <step title="Start deployment in the background" date="2025-12-23T20:58:09.060" >
      <step title="Acquiring Deployment Lock" date="2025-12-23T20:58:09.108" /><!-- duration: 7ms -->
      <step title="Acquired Deployment Lock" date="2025-12-23T20:58:09.176" /><!-- duration: 6ms -->
    </step><!-- duration: 268ms -->
  </step><!-- duration: 1780ms -->
  <step title="Outgoing response" date="2025-12-23T20:58:09.357" type="response" statusCode="202" statusText="Accepted" /><!-- duration: 7ms -->
</step><!-- duration: 1899ms -->
