<step title="BackgroundTrace" date="2025-12-22T20:14:45.259" instance="9f31c9" url="/api/zipdeploy" method="POST" >
  <step title="Cleanup Xml Logs" date="2025-12-22T20:14:45.311" /><!-- duration: 10ms -->
  <step title="Creating temporary deployment - FetchDeploymentManager" date="2025-12-22T20:14:45.449" /><!-- duration: 6ms -->
  <step title="Creating temporary deployment" date="2025-12-22T20:14:45.463" /><!-- duration: 104ms -->
  <step title="Performing fetch based deployment" date="2025-12-22T20:14:45.629" >
    <step title="Cleaning up temp folders from previous zip deployments and extracting pushed zip file /tmp/zipdeploy/eb383ae8-768b-498c-9a99-68e2ffd11dc7.zip (26.30 MB) to /tmp/zipdeploy/extracted" date="2025-12-22T20:14:47.093" >
      <step title="ChmodRecursive Process exited with total time taken in ms: 50" date="2025-12-22T20:14:48.506" /><!-- duration: 9ms -->
    </step><!-- duration: 1441ms -->
    <step title="Deployment timer started" date="2025-12-22T20:14:50.564" >
      <step title="DeploymentManager.Deploy(id:a4b9f6b8-012b-4a66-9e7b-87117e2a23be)" date="2025-12-22T20:14:50.603" >
        <step title="Collecting changeset information" date="2025-12-22T20:14:50.639" /><!-- duration: 131ms -->
        <step title="Updating submodules" date="2025-12-22T20:14:50.787" /><!-- duration: 1275ms -->
        <step title="Determining deployment builder" date="2025-12-22T20:14:52.383" >
          <step title="Builder is BasicBuilder" date="2025-12-22T20:14:52.417" /><!-- duration: 17ms -->
        </step><!-- duration: 71ms -->
        <step title="PreDeployment: context.CleanOutputPath False" date="2025-12-22T20:14:52.610" >
          <step title="PreDeployment: context.OutputPath /home/site/wwwroot" date="2025-12-22T20:14:54.004" >
            <step title="Building" date="2025-12-22T20:14:54.296" >
              <step title="Executing external process" date="2025-12-22T20:14:55.027" type="process" path="starter.sh" arguments="/opt/Kudu/Scripts/parallel_rsync.sh /tmp/zipdeploy/extracted /home/site/wwwroot 8 /tmp/ False True  " /><!-- duration: 6158ms -->
              <step title="Triggering recycle (preview mode disabled)." date="2025-12-22T20:15:02.676" /><!-- duration: 31ms -->
              <step title="Modified file to trigger a restart of the app container." date="2025-12-22T20:15:02.896" /><!-- duration: 20ms -->
              <step title="Skip function trigger and logicapp sync because function is not enabled." date="2025-12-22T20:15:02.937" /><!-- duration: 51ms -->
            </step><!-- duration: 10574ms -->
          </step><!-- duration: 10883ms -->
          <step title="Cleaning up temp files" date="2025-12-22T20:15:04.893" /><!-- duration: 8ms -->
          <step title="Cleaning up temp files" date="2025-12-22T20:15:04.917" /><!-- duration: 529ms -->
          <step title="Reloading status file with latest updates" date="2025-12-22T20:15:05.638" >
            <step title="WebHooksManager.PublishEventAsync: PostDeployment" date="2025-12-22T20:15:05.687" /><!-- duration: 138ms -->
          </step><!-- duration: 208ms -->
          <step title="Cleaning up temporary deployment - fetch deployment was successful" date="2025-12-22T20:15:05.906" /><!-- duration: 25ms -->
        </step><!-- duration: 13396ms -->
      </step><!-- duration: 15446ms -->
