<step title="BackgroundTrace" date="2025-12-22T19:55:45.762" instance="9f31c9" url="/api/zipdeploy" method="POST" >
  <step title="Cleanup Xml Logs" date="2025-12-22T19:55:45.768" /><!-- duration: 12ms -->
  <step title="Creating temporary deployment - FetchDeploymentManager" date="2025-12-22T19:55:46.051" /><!-- duration: 31ms -->
  <step title="Creating temporary deployment" date="2025-12-22T19:55:46.112" /><!-- duration: 219ms -->
  <step title="Performing fetch based deployment" date="2025-12-22T19:55:46.412" >
    <step title="Cleaning up temp folders from previous zip deployments and extracting pushed zip file /tmp/zipdeploy/7bdb22a0-2786-4cf2-bd0e-0e53a732ca72.zip (26.30 MB) to /tmp/zipdeploy/extracted" date="2025-12-22T19:55:47.741" >
      <step title="ChmodRecursive Process exited with total time taken in ms: 61" date="2025-12-22T19:55:49.378" /><!-- duration: 12ms -->
    </step><!-- duration: 1665ms -->
    <step title="Deployment timer started" date="2025-12-22T19:55:51.437" >
      <step title="DeploymentManager.Deploy(id:fa54c3b1-9137-446f-ac31-15344594eac8)" date="2025-12-22T19:55:51.449" >
        <step title="Collecting changeset information" date="2025-12-22T19:55:51.494" /><!-- duration: 162ms -->
        <step title="Updating submodules" date="2025-12-22T19:55:51.668" /><!-- duration: 1278ms -->
        <step title="Determining deployment builder" date="2025-12-22T19:55:53.610" >
          <step title="Builder is BasicBuilder" date="2025-12-22T19:55:53.643" /><!-- duration: 7ms -->
        </step><!-- duration: 47ms -->
        <step title="PreDeployment: context.CleanOutputPath False" date="2025-12-22T19:55:53.750" >
          <step title="PreDeployment: context.OutputPath /home/site/wwwroot" date="2025-12-22T19:55:53.920" >
            <step title="Building" date="2025-12-22T19:55:54.162" >
              <step title="Executing external process" date="2025-12-22T19:55:54.699" type="process" path="starter.sh" arguments="/opt/Kudu/Scripts/parallel_rsync.sh /tmp/zipdeploy/extracted /home/site/wwwroot 8 /tmp/ False True  " /><!-- duration: 12899ms -->
              <step title="Triggering recycle (preview mode disabled)." date="2025-12-22T19:56:08.104" /><!-- duration: 6ms -->
              <step title="Modified file to trigger a restart of the app container." date="2025-12-22T19:56:08.147" /><!-- duration: 7ms -->
              <step title="Skip function trigger and logicapp sync because function is not enabled." date="2025-12-22T19:56:08.161" /><!-- duration: 7ms -->
            </step><!-- duration: 15158ms -->
          </step><!-- duration: 15419ms -->
          <step title="Cleaning up temp files" date="2025-12-22T19:56:09.346" /><!-- duration: 8ms -->
          <step title="Cleaning up temp files" date="2025-12-22T19:56:09.376" /><!-- duration: 510ms -->
          <step title="Reloading status file with latest updates" date="2025-12-22T19:56:09.936" >
            <step title="WebHooksManager.PublishEventAsync: PostDeployment" date="2025-12-22T19:56:09.945" /><!-- duration: 112ms -->
          </step><!-- duration: 128ms -->
          <step title="Cleaning up temporary deployment - fetch deployment was successful" date="2025-12-22T19:56:10.075" /><!-- duration: 7ms -->
        </step><!-- duration: 16440ms -->
      </step><!-- duration: 18774ms -->
