﻿<?xml version="1.0" encoding="utf-8"?>
<deployment>
  <id>fa54c3b1-9137-446f-ac31-15344594eac8</id>
  <author>N/A</author>
  <deployer>GITHUB_ZIP_DEPLOY</deployer>
  <authorEmail>N/A</authorEmail>
  <message>{"type":"deployment","sha":"4a5aa610bd8ecba95a2d04648cb10e211c0d461d","repoName":"bartje78/LoanAnnuityCalculator","actor":"bartje78","slotName":"production","commitMessage":""}</message>
  <progress></progress>
  <status>Success</status>
  <statusText></statusText>
  <lastSuccessEndTime>2025-12-22T19:56:08.6724927Z</lastSuccessEndTime>
  <receivedTime>2025-12-22T19:55:51.5398067Z</receivedTime>
  <startTime>2025-12-22T19:55:53.5010073Z</startTime>
  <endTime>2025-12-22T19:56:08.6724927Z</endTime>
  <complete>True</complete>
  <is_temp>False</is_temp>
  <is_readonly>True</is_readonly>
  <buildSummary />
</deployment>