﻿<?xml version="1.0" encoding="utf-8"?>
<deployment>
  <id>a4b9f6b8-012b-4a66-9e7b-87117e2a23be</id>
  <author>N/A</author>
  <deployer>GITHUB_ZIP_DEPLOY</deployer>
  <authorEmail>N/A</authorEmail>
  <message>{"type":"deployment","sha":"d4053ba9269c5bd5bc16699e9b328e10687dd85c","repoName":"bartje78/LoanAnnuityCalculator","actor":"bartje78","slotName":"production","commitMessage":""}</message>
  <progress></progress>
  <status>Success</status>
  <statusText></statusText>
  <lastSuccessEndTime>2025-12-22T20:15:03.5795116Z</lastSuccessEndTime>
  <receivedTime>2025-12-22T20:14:50.6730115Z</receivedTime>
  <startTime>2025-12-22T20:14:52.2894951Z</startTime>
  <endTime>2025-12-22T20:15:03.5795116Z</endTime>
  <complete>True</complete>
  <is_temp>False</is_temp>
  <is_readonly>True</is_readonly>
  <buildSummary />
</deployment>