<step title="Incoming Request" date="2025-12-22T19:55:43.658" instance="9f31c9" url="/api/zipdeploy?isAsync=true&amp;deployer=GITHUB_ZIP_DEPLOY&amp;message=%7B%22type%22%3A%22deployment%22%2C%22sha%22%3A%224a5aa610bd8ecba95a2d04648cb10e211c0d461d%22%2C%22repoName%22%3A%22bartje78%2FLoanAnnuityCalculator%22%2C%22actor%22%3A%22bartje78%22%2C%22slotName%22%3A%22production%22%2C%22commitMessage%22%3A%22%22%7D" method="POST" type="request" pid="831,1,20" Host="loancalculator-api-loanportal.scm.azurewebsites.net" User-Agent="GITHUBACTIONS_DeployWebAppToAzure_55fff23031ea6528d023668e4b34b5c3330af2464c118c00e31b47d98fe43692" Authorization="Bas..." Content-Type="application/octet-stream" Cookie="ARRAffinity=9f31c9c5bee5168e5eb7bf80d32ece8094d4003d3670d16b35539c64104ecd98;Path=/;HttpOnly;Secure;Domain=loancalculator-api-loanportal.scm.azurewebsites.net; ARRAffinitySameSite=9f31c9c5bee5168e5eb7bf80d32ece8094d4003d3670d16b35539c64104ecd98;Path=/;HttpOnly;SameSite=None;Secure;Domain=loancalculator-api-loanportal.scm.azurewebsites.net" Transfer-Encoding="chunked" X-ARR-LOG-ID="b9568365-0d44-4938-977a-29d3dabe0bdd" CLIENT-IP="172.203.38.240:60480" X-SITE-DEPLOYMENT-ID="loancalculator-api-loanportal" WAS-DEFAULT-HOSTNAME="loancalculator-api-loanportal.scm.azurewebsites.net" X-Forwarded-Proto="https" X-AppService-Proto="https" X-Forwarded-TlsVersion="1.3" X-WAWS-Unencoded-URL="/api/zipdeploy?isAsync=true&amp;deployer=GITHUB_ZIP_DEPLOY&amp;message=%7B%22type%22%3A%22deployment%22%2C%22sha%22%3A%224a5aa610bd8ecba95a2d04648cb10e211c0d461d%22%2C%22repoName%22%3A%22bartje78%2FLoanAnnuityCalculator%22%2C%22actor%22%3A%22bartje78%22%2C%22slotName%22%3A%22production%22%2C%22commitMessage%22%3A%22%22%7D" X-Client-IP="172.203.38.240" X-Client-Port="60480" >
  <step title="ZipPushDeploy" date="2025-12-22T19:55:43.794" >
    <step title="ZipDeploy. Extract zip." date="2025-12-22T19:55:43.808" /><!-- duration: 8ms -->
    <step title="None repository commit" date="2025-12-22T19:55:43.828" >
      <step title="Commit id: fa54c3b1-9137-446f-ac31-15344594eac8" date="2025-12-22T19:55:43.835" Message="N/A" AuthorName="N/A" AuthorEmail="N/A" /><!-- duration: 6ms -->
    </step><!-- duration: 19ms -->
    <step title="Starting PushDeployAsync" date="2025-12-22T19:55:43.855" /><!-- duration: 8ms -->
    <step title="Writing artifact to /tmp/zipdeploy/7bdb22a0-2786-4cf2-bd0e-0e53a732ca72.zip" date="2025-12-22T19:55:43.888" >
      <step title="Writing multipart request body to /tmp/zipdeploy/7bdb22a0-2786-4cf2-bd0e-0e53a732ca72.zip" date="2025-12-22T19:55:43.902" /><!-- duration: 17ms -->
    </step><!-- duration: 1821ms -->
    <step title="Start deployment in the background" date="2025-12-22T19:55:45.752" >
      <step title="Acquiring Deployment Lock" date="2025-12-22T19:55:45.811" /><!-- duration: 13ms -->
      <step title="Acquired Deployment Lock" date="2025-12-22T19:55:45.981" /><!-- duration: 23ms -->
    </step><!-- duration: 588ms -->
  </step><!-- duration: 2560ms -->
  <step title="Outgoing response" date="2025-12-22T19:55:46.367" type="response" statusCode="202" statusText="Accepted" /><!-- duration: 7ms -->
</step><!-- duration: 2723ms -->
