<step title="Incoming Request" date="2025-12-22T19:59:09.278" instance="9f31c9" url="/api/zipdeploy?isAsync=true&amp;deployer=GITHUB_ZIP_DEPLOY&amp;message=%7B%22type%22%3A%22deployment%22%2C%22sha%22%3A%227a20d69e207c9664e99709e401ed765afc7089de%22%2C%22repoName%22%3A%22bartje78%2FLoanAnnuityCalculator%22%2C%22actor%22%3A%22bartje78%22%2C%22slotName%22%3A%22production%22%2C%22commitMessage%22%3A%22%22%7D" method="POST" type="request" pid="831,1,16" Host="loancalculator-api-loanportal.scm.azurewebsites.net" User-Agent="GITHUBACTIONS_DeployWebAppToAzure_55fff23031ea6528d023668e4b34b5c3330af2464c118c00e31b47d98fe43692" Authorization="Bas..." Content-Type="application/octet-stream" Cookie="ARRAffinity=9f31c9c5bee5168e5eb7bf80d32ece8094d4003d3670d16b35539c64104ecd98;Path=/;HttpOnly;Secure;Domain=loancalculator-api-loanportal.scm.azurewebsites.net; ARRAffinitySameSite=9f31c9c5bee5168e5eb7bf80d32ece8094d4003d3670d16b35539c64104ecd98;Path=/;HttpOnly;SameSite=None;Secure;Domain=loancalculator-api-loanportal.scm.azurewebsites.net" Transfer-Encoding="chunked" X-ARR-LOG-ID="3983132d-bd9d-410b-bd22-b2d285194db1" CLIENT-IP="128.24.162.6:60481" X-SITE-DEPLOYMENT-ID="loancalculator-api-loanportal" WAS-DEFAULT-HOSTNAME="loancalculator-api-loanportal.scm.azurewebsites.net" X-Forwarded-Proto="https" X-AppService-Proto="https" X-Forwarded-TlsVersion="1.3" X-WAWS-Unencoded-URL="/api/zipdeploy?isAsync=true&amp;deployer=GITHUB_ZIP_DEPLOY&amp;message=%7B%22type%22%3A%22deployment%22%2C%22sha%22%3A%227a20d69e207c9664e99709e401ed765afc7089de%22%2C%22repoName%22%3A%22bartje78%2FLoanAnnuityCalculator%22%2C%22actor%22%3A%22bartje78%22%2C%22slotName%22%3A%22production%22%2C%22commitMessage%22%3A%22%22%7D" X-Client-IP="128.24.162.6" X-Client-Port="60481" >
  <step title="ZipPushDeploy" date="2025-12-22T19:59:09.292" >
    <step title="ZipDeploy. Extract zip." date="2025-12-22T19:59:09.322" /><!-- duration: 9ms -->
    <step title="Starting PushDeployAsync" date="2025-12-22T19:59:09.341" /><!-- duration: 6ms -->
    <step title="Writing artifact to /tmp/zipdeploy/eb9ffbd1-5131-4cd1-b61c-830d1aa74a5c.zip" date="2025-12-22T19:59:09.370" >
      <step title="Writing multipart request body to /tmp/zipdeploy/eb9ffbd1-5131-4cd1-b61c-830d1aa74a5c.zip" date="2025-12-22T19:59:09.377" /><!-- duration: 18ms -->
    </step><!-- duration: 1560ms -->
    <step title="Start deployment in the background" date="2025-12-22T19:59:10.961" >
      <step title="Acquiring Deployment Lock" date="2025-12-22T19:59:11.010" /><!-- duration: 7ms -->
      <step title="Acquired Deployment Lock" date="2025-12-22T19:59:11.094" /><!-- duration: 7ms -->
    </step><!-- duration: 312ms -->
  </step><!-- duration: 1987ms -->
  <step title="Outgoing response" date="2025-12-22T19:59:11.286" type="response" statusCode="202" statusText="Accepted" /><!-- duration: 6ms -->
</step><!-- duration: 2021ms -->
