﻿<?xml version="1.0" encoding="utf-8"?>
<deployment>
  <id>21788a19-8f17-4afa-93f9-7331909fd44f</id>
  <author>N/A</author>
  <deployer>GITHUB_ZIP_DEPLOY</deployer>
  <authorEmail>N/A</authorEmail>
  <message>{"type":"deployment","sha":"7a20d69e207c9664e99709e401ed765afc7089de","repoName":"bartje78/LoanAnnuityCalculator","actor":"bartje78","slotName":"production","commitMessage":""}</message>
  <progress></progress>
  <status>Success</status>
  <statusText></statusText>
  <lastSuccessEndTime>2025-12-22T19:59:28.5078763Z</lastSuccessEndTime>
  <receivedTime>2025-12-22T19:59:16.2308945Z</receivedTime>
  <startTime>2025-12-22T19:59:17.9211946Z</startTime>
  <endTime>2025-12-22T19:59:28.5078763Z</endTime>
  <complete>True</complete>
  <is_temp>False</is_temp>
  <is_readonly>True</is_readonly>
  <buildSummary />
</deployment>