﻿<?xml version="1.0" encoding="utf-8"?>
<deployment>
  <id>7275d6b9-6999-47e3-acb7-5054d49fa94b</id>
  <author>N/A</author>
  <deployer>GITHUB_ZIP_DEPLOY</deployer>
  <authorEmail>N/A</authorEmail>
  <message>{"type":"deployment","sha":"d4053ba9269c5bd5bc16699e9b328e10687dd85c","repoName":"bartje78/LoanAnnuityCalculator","actor":"bartje78","slotName":"production","commitMessage":""}</message>
  <progress></progress>
  <status>Success</status>
  <statusText></statusText>
  <lastSuccessEndTime>2025-12-23T20:58:25.0186396Z</lastSuccessEndTime>
  <receivedTime>2025-12-23T20:58:15.2606229Z</receivedTime>
  <startTime>2025-12-23T20:58:16.8089862Z</startTime>
  <endTime>2025-12-23T20:58:25.0186396Z</endTime>
  <complete>True</complete>
  <is_temp>False</is_temp>
  <is_readonly>True</is_readonly>
  <buildSummary />
</deployment>