﻿<?xml version="1.0" encoding="utf-8"?>
<deployment>
  <id>d7beebb5-8880-445a-8780-7b9d5b7bf903</id>
  <author>N/A</author>
  <deployer>GITHUB_ZIP_DEPLOY</deployer>
  <authorEmail>N/A</authorEmail>
  <message>{"type":"deployment","sha":"d4053ba9269c5bd5bc16699e9b328e10687dd85c","repoName":"bartje78/LoanAnnuityCalculator","actor":"bartje78","slotName":"production","commitMessage":""}</message>
  <progress>Running deployment command...</progress>
  <status>Building</status>
  <statusText>Building and Deploying 'd7beebb5-8880-445a-8780-7b9d5b7bf903'.</statusText>
  <lastSuccessEndTime />
  <receivedTime>2025-12-23T21:18:24.9964281Z</receivedTime>
  <startTime>2025-12-23T21:18:27.2597576Z</startTime>
  <endTime />
  <complete>False</complete>
  <is_temp>False</is_temp>
  <is_readonly>True</is_readonly>
  <buildSummary />
</deployment>